<?xml version="1.0" encoding="UTF-8"?>
<beans xmlns="http://www.springframework.org/schema/beans"
	xmlns:xsi="http://www.w3.org/2001/XMLSchema-instance"
	xmlns:aop="http://www.springframework.org/schema/aop"
	xmlns:context="http://www.springframework.org/schema/context"
	xsi:schemaLocation="http://www.springframework.org/schema/beans http://www.springframework.org/schema/beans/spring-beans-4.0.xsd
		http://www.springframework.org/schema/context http://www.springframework.org/schema/context/spring-context-4.3.xsd
		http://www.springframework.org/schema/aop http://www.springframework.org/schema/aop/spring-aop-4.3.xsd">



<!-- ////////////////////////////////////////////////////////////////////////////////////////////////// -->

	<!-- To give path where to look for annotations. It also check for all the subpackages -->
	<!-- @Component, @Repository, @Service, @Autowired etc -->
	<context:component-scan base-package="com.cg.intro"></context:component-scan>

<!-- ////////////////////////////////////////////////////////////////////////////////////////////////// -->



<!-- Here we are using @component annotation to avoid the bean declaration in xml file -->
<!-- Auto wire annotation -->

<!-- 	<bean id="exchangeService" class="com.cg.intro.ExchangeServiceImpl"> -->
<!-- 	  <constructor-arg><value>44.25</value></constructor-arg> -->
<!-- 	</bean> -->

<!-- 	<bean id="currencyConverter" class="com.cg.intro.CurrencyConverterImpl" autowire="byName"/> -->




</beans>