<?xml version="1.0" encoding="UTF-8"?>
<project-private xmlns="http://www.netbeans.org/ns/project-private/1">
    <editor-bookmarks xmlns="http://www.netbeans.org/ns/editor-bookmarks/2" lastBookmarkId="0"/>
    <open-files xmlns="http://www.netbeans.org/ns/projectui-open-files/2">
        <group name="Capgemini">
            <file>file:/C:/Users/DELL/Documents/NetBeansProjects/Lab5/src/Excercise2.java</file>
            <file>file:/C:/Users/DELL/Documents/NetBeansProjects/Lab5/src/Excercise6.java</file>
            <file>file:/C:/Users/DELL/Documents/NetBeansProjects/Lab5/src/Excercise5.java</file>
            <file>file:/C:/Users/DELL/Documents/NetBeansProjects/Lab5/src/Excercise3.java</file>
            <file>file:/C:/Users/DELL/Documents/NetBeansProjects/Lab5/src/Excercise4.java</file>
        </group>
    </open-files>
</project-private>
